{"stat.chestOpened":2,"stat.walkOneCm":13890,"stat.pickup.minecraft.stick":2,"stat.pickup.minecraft.iron_nugget":4,"stat.pickup.minecraft.iron_axe":18,"stat.leaveGame":1,"stat.pickup.minecraft.iron_sword":20,"stat.pickup.minecraft.leather":1,"stat.pickup.minecraft.iron_shovel":21,"stat.mobKills":3,"stat.pickup.minecraft.iron_leggings":13,"stat.flyOneCm":70663,"stat.killEntity.grimoireofgaia.centaur":2,"stat.pickup.minecraft.wheat_seeds":1,"stat.jump":134,"stat.swimOneCm":1945,"stat.pickup.minecraft.iron_horse_armor":17,"stat.playOneMinute":6394,"stat.killEntity.bewitchment.cambion":1,"stat.pickup.minecraft.iron_helmet":14,"stat.pickup.minecraft.iron_ingot":686,"stat.climbOneCm":49,"stat.pickup.bewitchment.mandrake_seeds":1,"stat.pickup.minecraft.iron_pickaxe":17,"stat.pickup.minecraft.red_flower":3,"stat.sneakTime":94,"stat.useItem.minecraft.stone_axe":17,"stat.damageDealt":1160,"stat.crouchOneCm":147,"stat.timeSinceDeath":6394,"stat.pickup.minecraft.yellow_flower":1,"stat.sprintOneCm":11443,"stat.useItem.minecraft.stone_slab2":3,"stat.pickup.minecraft.iron_chestplate":10,"stat.diveOneCm":1297,"stat.pickup.minecraft.iron_boots":18,"stat.pickup.grimoireofgaia.box_iron":1}